Card Number,Expiry Date
6480195344642784,01/2022
30295201231669,12/2016
30082494556063,02/2020
344850003945824,08/2013
3583387923333637,11/2026
3587385370593642,11/2029
370760148157259,06/2032
5195453057371101,06/2020
30136262165745,08/2028
30240341569594,10/2027
3530679650338050,01/2014
5198993763507511,10/2022
3529309374370709,08/2022
4381079728309639,01/2015
4743989012790232,02/2019
3555651461566971,02/2028
30074512207043,07/2021
341417671620692,09/2020
5490330287718321,12/2027
345631531175020,05/2023
3541742607804785,09/2023
6011572472854191,09/2029
6011274823016501,02/2030
4664059754435134,03/2024
36110581455529,02/2021
30179045289812,08/2031
3587804193769544,08/2023
5396432645152774,09/2018
4427457766161029,06/2008
345283519946202,02/2020
6011176670704222,10/2024
5277170861128623,07/2009
6011799905775830,04/2020
5239508731179937,05/2015
4391913331428998,03/2021
5227744105887664,10/2023
30303893030165,05/2018
3543177982348371,11/2021
5478071282161218,06/2016
5200821738515481,06/2026
5314978894096111,03/2024
6011782031851808,09/2026
4429191748538040,12/2014
30939998690385,06/2029
5360282527143330,01/2033
3547074154213978,08/2015
4667851507232827,08/2012
374521213444907,01/2027
347364406683575,08/2022
30345286399871,06/2022
36889730550872,06/2033
3576884240025192,04/2021
5453499332117717,04/2025
5175321245361421,04/2024
379862859443935,08/2034
6011947988442295,07/2026
370138166851022,07/2016
38916424983909,05/2016
5243003288382344,08/2026
5279163543425523,11/2016
5347354432198200,12/2008
6503768035770198,01/2020
5185684984230984,01/2018
346715514167929,04/2021
5361683471944111,06/2026
344774454058244,11/2021
371048488202599,08/2025
6011276417636461,06/2021
3574602168392317,04/2027
4662255863114782,03/2022
3555247100463777,02/2031
5152534162343936,10/2020
346077693838147,02/2020
4371272534015118,11/2025
3543410867000993,10/2022
30018385606211,04/2020
30999634653924,04/2035
5317687967276511,03/2028
341728739318206,07/2028
6460796411082848,05/2024
5197486845921173,10/2024
30183046434146,10/2017
30316633926872,11/2024
5184365754974776,04/2017
5399503918804668,06/2019
3554805075866455,11/2037
5353088009476430,08/2026
4465416868939297,11/2014
5261435645422339,12/2024
4530692732769919,03/2019
371829323665854,09/2012
4546704841554181,04/2027
4337062521342242,03/2019
5285960602493348,02/2012
30318443720172,01/2017
6011997178442613,10/2026
30468387466900,09/2012
4871548318349681,06/2011
3540660566628758,07/2016
373818432827966,10/2030
